Consultas principales,Clics,Impresiones,CTR,Posición
webcam zurriola,2427,163169,1.49%,4.63
zurriolacam,945,1417,66.69%,1.49
zurriola webcam,458,31103,1.47%,4.48
camaramar zurriola,291,20080,1.45%,5.5
camara zurriola,208,6535,3.18%,4.09
web cam zurriola,147,6013,2.44%,4.28
webcam la zurriola,140,10201,1.37%,5.41
zurriola webcam directo,135,2801,4.82%,4.33
zurriola cam,98,2433,4.03%,4.33
playa zurriola webcam,65,2181,2.98%,5.31
zurriola web cam,59,2341,2.52%,4.39
webcam zurriola home,47,1563,3.01%,3.83
la zurriola webcam,46,6712,0.69%,5.61
zurriola webcam zurriola,46,896,5.13%,4.51
webcam zurriola donostia,44,2259,1.95%,5.33
zurriola webcam surf,44,1249,3.52%,6.43
webcam zurriola directo,40,591,6.77%,5.36
web zurriola,39,1583,2.46%,4.73
webcam donostia zurriola,33,1934,1.71%,5.54
zurriola camara,33,630,5.24%,5.06
zurriola web,31,2345,1.32%,4.28
zurriola surf cam,26,1650,1.58%,5.89
camaramar zurriola webcam,25,2051,1.22%,4.98
cam zurriola,24,1475,1.63%,5.06
camara web zurriola,23,608,3.78%,5.63
webcam.zurriola,20,1407,1.42%,4.84
zurriola en directo,19,536,3.54%,5.68
surf cam zurriola,18,1161,1.55%,6.35
medidas tabla de surf según peso y altura,18,674,2.67%,3.3
webcam playa zurriola,17,726,2.34%,6.53
zurriola directo,17,338,5.03%,5.37
zurriola camaramar,15,2462,0.61%,5.96
camara la zurriola,15,419,3.58%,5.71
olas zurriola webcam,14,843,1.66%,4.53
playa de la zurriola en directo,14,576,2.43%,5.77
webcam gros,13,1423,0.91%,4.94
zurriola camara web,12,343,3.5%,5.39
ingurumena zurriola,11,3770,0.29%,8.63
camaramar la zurriola,11,582,1.89%,6.58
camaras zurriola,11,266,4.14%,4.57
camara playa zurriola,10,372,2.69%,6.3
medidas de tablas de surf según peso y estatura,9,206,4.37%,2.28
zurriola webcam kursaal,8,1230,0.65%,5.48
zurriola beach webcam,8,1126,0.71%,8.14
webcamzurriola,8,455,1.76%,6.99
webcam de la zurriola,8,362,2.21%,8.81
zuriola webcam,8,235,3.4%,4.56
medidas tablas surf en cm,7,458,1.53%,3.93
medidas tabla de surf,7,408,1.72%,7.5
camara mar zurriola,7,394,1.78%,4.75
zurriola playa webcam,7,335,2.09%,5.49
windguru zurriola,6,30854,0.02%,9.18
web cam la zurriola,6,330,1.82%,6.42
zurriola surf webcam,5,920,0.54%,5.97
medidas tablas de surf,5,781,0.64%,12.59
webcam san sebastian zurriola,5,431,1.16%,8.28
webcam zurriola playa,5,370,1.35%,8.33
webcam playa de la zurriola,5,267,1.87%,7.72
web cam.zurriola,5,154,3.25%,3.85
webcan zurriola,4,617,0.65%,5.94
zurriolawebcam,4,544,0.74%,4.81
medidas tabla surf,4,523,0.76%,6.52
zurriola ingurumena,3,1327,0.23%,7.27
webcam donostia,3,867,0.35%,19.75
webcams zurriola,3,526,0.57%,6.57
medidas de una tabla de surf,3,467,0.64%,6.7
webcam zuriola,3,434,0.69%,5.98
webcam zurriola beach,3,299,1%,6.33
zurriola web webcam en directo,3,224,1.34%,5.79
td1 surf,3,167,1.8%,9.35
la zurriola surf cam,3,162,1.85%,6.42
medidas tabla de surf en cm,3,112,2.68%,4.71
zurriola beach cam,3,105,2.86%,6.1
eebcam zurriola,3,88,3.41%,3.91
live webcam zurriola,3,71,4.23%,4.13
webcam donosti zurriola,3,53,5.66%,4.47
playa zurriola en directo,3,46,6.52%,5.52
tabla de surf medidas,2,524,0.38%,6.39
webcam donosti,2,194,1.03%,16.29
webcam san sebastian,2,183,1.09%,22.3
zurriola surfcam,2,163,1.23%,4.5
olas rompientes,2,124,1.61%,11.47
tabla surf medidas,2,117,1.71%,8.45
web cam gros,2,91,2.2%,3.38
medidas tablas de surf en centimetros,2,71,2.82%,4.04
zurriola eebcam,2,47,4.26%,4.15
cuanto mide una tabla de surf,1,1248,0.08%,5.38
windguru donostia zurriola,1,489,0.2%,9.52
webcam zarautz,1,373,0.27%,59.79
surf zurriola,1,316,0.32%,34.82
medidas de tablas de surf,1,288,0.35%,20.35
zurriola webcam san sebastián donostia,1,278,0.36%,6.3
medidas tablas surf,1,275,0.36%,7.47
webcam san sebastián - zurriola,1,265,0.38%,8.42
cam.zurriola,1,209,0.48%,3.62
webcam la.zurriola,1,145,0.69%,5.43
surfline zurriola,1,145,0.69%,10.52
medidas tablas,1,116,0.86%,2.08
zurriola playa,1,101,0.99%,43.84
tamaños de tablas,1,97,1.03%,1.24
webcam zurriola san sebastian,1,97,1.03%,7.22
webcam zurri,1,78,1.28%,3.29
webcam zurriola san sebastián,1,75,1.33%,7.73
web zurriola webcam,1,73,1.37%,4.15
webcam playa zurriola donostia,1,66,1.52%,6.47
webcam zureiola,1,54,1.85%,3.81
medidas de las tablas de surf,1,44,2.27%,9.98
medida de tabla de surf,1,44,2.27%,22.11
corrientes en la playa,1,39,2.56%,11.13
camara zurriola webcam,1,35,2.86%,3.31
primera clase de surf,1,27,3.7%,6.3
camara de la zurriola,1,26,3.85%,4.15
camera zurriola,1,25,4%,4.08
rompientes,1,25,4%,36.92
medidas de tabla de surf segun peso y altura,1,21,4.76%,1.38
medida de tabla de surf segun altura,1,17,5.88%,7.35
cam gros,1,16,6.25%,9.62
tabla surf epoxy,1,11,9.09%,45.27
zurrio,1,10,10%,7.3
clases surf donostia,1,5,20%,62
partes tabla de surf,0,598,0%,55.53
windguru zurriola donostia,0,543,0%,9.92
tabla de surf partes,0,462,0%,43.83
medidas tablas de surf en cm,0,409,0%,2.52
tipos de olas,0,402,0%,35.45
olas zurriola,0,359,0%,29.19
windguru san sebastian zurriola,0,356,0%,9.12
zurriola,0,351,0%,29.88
zurriola surf,0,336,0%,33.28
playa zurriola,0,332,0%,48.39
playa de zurriola,0,315,0%,40.46
reparación tabla de surf,0,302,0%,75.59
la rompiente,0,300,0%,44.33
zurriola windguru,0,291,0%,10.77
medidas de tabla de surf,0,285,0%,6.54
medidas de tablas,0,251,0%,5.17
windguru la zurriola,0,233,0%,12.16
tamaños de tablas de surf,0,226,0%,33.71
medidas de una tabla,0,223,0%,2.96
profesor de surf,0,217,0%,61.32
reparación de tablas de surf,0,210,0%,85.79
cuánto mide una tabla de surf,0,207,0%,2.32
previsión olas zurriola,0,204,0%,31.27
playa de la zurriola,0,198,0%,44.78
winguru zurriola,0,194,0%,8.88
camaramar donostia,0,192,0%,8.98
zarautz webcam,0,189,0%,54.62
arreglar tabla de surf,0,187,0%,59.71
la zurriola,0,180,0%,26.61
partes de una tabla de surf,0,172,0%,42.23
surf forecast zurriola,0,161,0%,51.06
zurriola beach,0,148,0%,53.37
medida tabla de surf,0,146,0%,5.86
tablas surf medidas,0,144,0%,85.07
reparacion tablas surf,0,144,0%,87.01
tablas de surf medidas,0,137,0%,15.91
webcam san sebastián zurriola,0,131,0%,8.45
surfcam zurriola,0,129,0%,3.7
como se miden las tablas de surf,0,129,0%,4.84
gros webcam,0,123,0%,4.98
medida surf,0,123,0%,35.66
donostia webcam,0,121,0%,29.47
reparaciones de tablas de surf,0,121,0%,79.79
webcam la zurriola donostia,0,119,0%,7.71
webcam zurriol,0,115,0%,3.89
diferencia entre resina de poliester y epoxi,0,115,0%,72.02
cuanto pesa una tabla de surf,0,113,0%,4.76
instructor de surf,0,110,0%,61.26
clases de surf,0,109,0%,72.74
prevision olas zurriola,0,107,0%,39.46
san sebastian webcam,0,103,0%,28.39
partes de la tabla de surf,0,100,0%,43.8
msw zurriola,0,99,0%,10.74
tamaño tablas surf,0,99,0%,30.31
camara web donostia,0,95,0%,25.73
tabla de fibra,0,90,0%,77.61
conversor medidas tablas surf,0,89,0%,2.9
zurriola olas,0,86,0%,23.56
surforecast zurriola,0,84,0%,13.02
clases de surf san sebastian,0,84,0%,49.92
escuela de surf san sebastian,0,83,0%,55.58
curso monitor de surf,0,82,0%,44.98
clases de olas,0,80,0%,56.02
surfing lessons san sebastian,0,80,0%,69.36
rompiente,0,79,0%,35.15
resina poliéster surf,0,79,0%,56.22
surf lessons san sebastian,0,79,0%,61.06
oleaje zurriola,0,77,0%,33.78
webcam san sebastián,0,76,0%,24.63
camara web san sebastian,0,76,0%,30.5
escuela surf san sebastian,0,75,0%,43.83
donostia webcam zurriola,0,73,0%,5
corrientes playa,0,72,0%,11.19
playa zurriola directo,0,71,0%,7.31
olas zurriola hoy,0,71,0%,19
zurriola surf eskola,0,67,0%,42.64
tipo de ola,0,66,0%,31.09
camaras donostia,0,64,0%,20.03
donosti webcam,0,64,0%,27.97
clases surf,0,63,0%,79.84
partes de una ola,0,62,0%,61.05
playa zurriola hoy,0,60,0%,22.78
tipos de ola,0,60,0%,47.45
que medida de tabla de surf necesito,0,59,0%,18.15
resina poliester surf,0,57,0%,49.91
lazurriola,0,56,0%,14.14
webcam de donosti,0,56,0%,32.64
parte olas,0,56,0%,36.62
medidas tabla de surf segun peso y altura,0,55,0%,33.67
webcam vera,0,55,0%,36.07
partes de tabla de surf,0,55,0%,55.2
webcam gross,0,53,0%,9.23
webcam tablas,0,53,0%,35.32
partes tabla surf,0,53,0%,47.77
medida tabla surf,0,50,0%,24.58
zurriola san sebastian,0,50,0%,47.04
playa la zurriola,0,50,0%,48.16
publicaciones zoriola,0,49,0%,26.53
playa de gros,0,49,0%,82.31
tablas webcam,0,48,0%,39.19
aprendiendo a coger olas,0,48,0%,58.44
reparar tabla de surf,0,47,0%,46.17
webcam kursaal,0,47,0%,57.64
la zurriola beach,0,47,0%,63.4
cuanto mide una tabla de surf en metros,0,46,0%,4.35
lazurriola webcam,0,46,0%,5.57
qebcam zurriola,0,45,0%,3.82
la zurriola surf,0,45,0%,25.18
olas en la zurriola,0,45,0%,36.2
tipos de olas surf,0,45,0%,64.27
reparar tabla surf,0,44,0%,44.05
tamaños tablas de surf,0,43,0%,16.84
prevision de olas zurriola,0,43,0%,33.16
resina epoxi surf,0,43,0%,49.88
rompiente de olas,0,42,0%,7.67
tamaño tabla de surf,0,42,0%,9.24
san sebastian zurriola webcam,0,40,0%,7.8
camaras web donostia,0,40,0%,26.65
web cam donostia,0,39,0%,28.28
medidas tabla,0,39,0%,31.95
webcam la perla,0,39,0%,54.36
surf san sebastian,0,39,0%,77.64
como hacer el pato surf,0,38,0%,19.53
surf donosti,0,37,0%,78.38
entre olas,0,37,0%,84.43
aprende surf,0,37,0%,85.16
webcam zurriola hondartza,0,35,0%,7.71
tamaño tabla surf,0,35,0%,38.69
coger olas,0,35,0%,44.31
tablas de surf epoxy,0,35,0%,61.49
escuelas de surfing,0,35,0%,82.63
wecam zurriola,0,34,0%,4.24
camara web donosti,0,33,0%,29.67
parte de olas,0,33,0%,30.42
tipos de oleaje,0,33,0%,55.88
reparador de tablas,0,33,0%,88.76
medidas de tabla,0,32,0%,13
san sebastian surf cam,0,32,0%,17.47
periodo de olas,0,32,0%,30.12
curso monitor surf,0,32,0%,30.66
webcam la perla donostia,0,32,0%,44.12
surf-forecast zurriola,0,32,0%,55.66
webcam san sebastian surf,0,31,0%,16.48
prediccion olas zurriola,0,31,0%,25.58
reparación tablas de surf coruña,0,31,0%,94.42
webcams donostia,0,30,0%,37.33
pato surf,0,30,0%,39.37
mareas zurriola,0,30,0%,41.87
medidas surf,0,29,0%,2.66
corriente playa,0,29,0%,19.14
web cam donosti,0,29,0%,21.14
camara web patos,0,29,0%,23.62
web cam san sebastian,0,29,0%,24.59
camara san sebastian,0,29,0%,30.07
camaras web san sebastian,0,29,0%,30.07
surf en la zurriola,0,29,0%,42.14
medidas de tablas de surf en metros,0,28,0%,4.54
tipo de olas,0,28,0%,24.18
partes de la ola,0,28,0%,49.04
clases de surf san sebastián,0,28,0%,52.36
como remar surf,0,28,0%,52.61
playa zurriola san sebastian,0,28,0%,61.25
ola rompiente,0,27,0%,22.37
olas la zurriola,0,27,0%,34.59
tabla de surf segun peso y altura,0,26,0%,1.96
que son las olas rompientes,0,26,0%,5.62
webcam zarauz,0,26,0%,58.81
resina surf,0,26,0%,86.81
tablas epoxy vs fibra,0,25,0%,9.84
magicseaweed san sebastian,0,25,0%,35.64
como saber si hay olas en la playa,0,25,0%,36.4
surf donostia,0,25,0%,83.32
webcam zurriols,0,24,0%,3.38
webcam zurriola.,0,24,0%,4.29
cam patos,0,24,0%,25.46
periodo olas,0,24,0%,33.54
surf en san sebastián,0,24,0%,71.62
resina epoxi vs poliester,0,24,0%,74.71
reparación material surf coruña,0,24,0%,86.38
fibra epoxi,0,23,0%,31.04
medida de tabla,0,22,0%,1.59
webcam donosti directo,0,22,0%,17.77
olas en zurriola,0,22,0%,25.32
zuriola,0,22,0%,31.09
playa zurriola surf,0,22,0%,37.14
playa de zurriola webcam,0,21,0%,7.86
san sebastian surf webcam,0,21,0%,14.71
surf la zurriola,0,21,0%,25.62
tipos de tablas de surf,0,21,0%,68.38
video chicos webcam,0,20,0%,33.45
vera webcam,0,20,0%,33.6
remar surf,0,20,0%,36.4
webcam donostia la perla,0,20,0%,39.5
tabla epoxy,0,20,0%,49.4
zarautz web cam,0,20,0%,68.45
la costa de las olas 4,0,20,0%,70.5
iniciacion surf,0,20,0%,78.85
tabla de mareas zurriola,0,19,0%,31.68
web cam zarautz,0,19,0%,62.16
escuela de surf,0,19,0%,95.47
medidas tabla surf en cm,0,18,0%,5.61
como reparar una tabla de surf,0,18,0%,34.89
zurriola surf report,0,18,0%,36.39
prevision olas la zurriola,0,18,0%,39.28
kursaal webcam,0,18,0%,39.72
la costa de las olas 7,0,18,0%,41.22
playa gros,0,18,0%,57.89
longitud tabla,0,18,0%,69.39
surf cam san sebastian,0,17,0%,9.18
olas o huelas,0,17,0%,12.94
kit surfista,0,17,0%,33.18
marea zurriola,0,17,0%,36.82
camara web zarautz,0,17,0%,59.18
medidas tabla surf según peso y altura,0,16,0%,3.44
la zurriola web cam,0,16,0%,5.81
webcams san sebastian,0,16,0%,27.06
surf forecast la zurriola,0,16,0%,49.19
san sebastian zurriola,0,16,0%,51.56
webcam de zarautz,0,16,0%,66.81
escuela surf zurriola,0,16,0%,78.88
medida de tablas,0,15,0%,3
hacer el pato surf,0,15,0%,27.4
webcam donostia san sebastian,0,15,0%,27.87
surf report zurriola,0,15,0%,30.6
como reparar tabla de surf,0,15,0%,34.73
reparar webcam,0,15,0%,54.13
zurriola surf forecast,0,15,0%,59.07
surf eskola zurriola,0,15,0%,72.6
partes de una,0,15,0%,77.27
webcam zurriola gipuzkoa,0,14,0%,8.64
tallas de tablas de surf,0,14,0%,30.71
camara patos,0,14,0%,33.43
la perla webcam,0,14,0%,40.5
monitor de surf,0,14,0%,57.14
tablas epoxy,0,14,0%,57.57
reparacion tabla surf,0,14,0%,68.14
surf cam,0,14,0%,73.86
donde coger,0,14,0%,73.93
webcam lazurriola,0,13,0%,4.92
wisuki zurriola,0,13,0%,7.69
webcam zuriza,0,13,0%,17.54
medidas para tabla de surf,0,13,0%,20.92
bera bera surf,0,13,0%,39.54
4 tipos de olas,0,13,0%,49
donosti en directo,0,13,0%,50.77
zurriola beach san sebastian,0,13,0%,59.15
partes de las olas,0,13,0%,59.77
surf en san sebastian,0,13,0%,62.77
calcular medidas tabla surf,0,13,0%,64.08
tablas de olas y viento,0,13,0%,64.54
la costa de las olas 3,0,13,0%,73.92
iniciacion al surf,0,13,0%,75
webcam xurriola,0,12,0%,4.42
san sebastián webcam,0,12,0%,23.75
webcam donostia directo,0,12,0%,28.08
medida tabla,0,12,0%,29.08
tiempo zurriola,0,12,0%,34.42
mareas donostia zurriola,0,12,0%,47.08
surf san sebastian spain,0,12,0%,52.25
zarauz webcam,0,12,0%,53.17
que se necesita para hacer surf,0,12,0%,62
tablas de surf tamaños,0,12,0%,70.58
escuela de surf zurriola,0,12,0%,72.17
reglas del surf,0,12,0%,85
escuelas de surf,0,12,0%,90.25
playa la zurriola webcam,0,11,0%,6.64
wisuki deba,0,11,0%,8.91
olas rompientes significado,0,11,0%,10
magicseaweed zurriola,0,11,0%,29.18
camaras san sebastian,0,11,0%,31.18
optica zurriola,0,11,0%,32.55
leash surf erizos,0,11,0%,43.64
temperatura agua zurriola,0,11,0%,46.82
surf school san sebastian,0,11,0%,47.45
la zurriola surf forecast,0,11,0%,51.27
tabla de surf tamaño,0,11,0%,52.27
material tablas de surf,0,11,0%,64.64
tablas de resina epoxi,0,11,0%,66.09
cuánto pesa una tabla de surf,0,10,0%,1.9
webcam surf san sebastian,0,10,0%,9.2
olas patos webcam,0,10,0%,14.4
webcam patos,0,10,0%,20.5
rompiente significado,0,10,0%,25.7
periodo de las olas,0,10,0%,29.7
epoxy tabla surf,0,10,0%,29.8
olas zarautz webcam,0,10,0%,41.3
tablas de surf a medida,0,10,0%,52
formas de olas,0,10,0%,54.7
zurriola donostia,0,10,0%,58.9
webcamzarautz,0,10,0%,61.6
fondo olas,0,10,0%,63.3
webcam gipuzkoa,0,10,0%,63.6
olas playas,0,10,0%,77.9
epoxi fibra de vidrio,0,10,0%,79
surfing san sebastian,0,10,0%,85.4
tabla de corcho surf,0,10,0%,91.7
magic seaweed zurriola,0,9,0%,14.78
patos webcam,0,9,0%,25.22
cam donostia,0,9,0%,27.44
webcam plentzia surf,0,9,0%,42.44
webcam playas gipuzkoa,0,9,0%,49.11
zarautz webcam surf,0,9,0%,52
normas del surf,0,9,0%,59.67
la zurriola san sebastian,0,9,0%,61.89
gipuzkoa webcam,0,9,0%,62.33
donostia surf,0,9,0%,62.56
san sebastian zurriola beach,0,9,0%,67.44
san sebastian playa zurriola,0,9,0%,68.22
zurriola beach surfing,0,9,0%,72.33
qm medida,0,9,0%,73.67
web san sebastian,0,9,0%,73.67
zurriola beach spain,0,9,0%,74
surf schools san sebastian,0,9,0%,77.11
surf a san sebastian,0,9,0%,80.44
san sebastian surf,0,9,0%,81.67
la costa de las olas 13,0,9,0%,85.44
medida de una tabla,0,8,0%,1.12
zurriola beach live cam,0,8,0%,7.38
zona de rompiente,0,8,0%,11.38
webcam el bunker,0,8,0%,16.5
webcam en donosti,0,8,0%,17.75
los tipos de olas,0,8,0%,34.12
kresala surf eskola,0,8,0%,38
tabla epoxi,0,8,0%,43.88
webcan zarautz,0,8,0%,63.75
cam.com,0,8,0%,63.88
tabla surf elevada,0,8,0%,73.25
surfing san sebastián,0,8,0%,75.88
playa gros san sebastian,0,8,0%,76.62
zarautz en directo,0,8,0%,77.5
la costa de las olas 10,0,8,0%,81.75
tabla fibra,0,8,0%,86.38
tipos tablas de surf,0,8,0%,89
tabla olas,0,8,0%,91.12
webcam zrh,0,8,0%,91.12
en que se miden las tablas de surf,0,7,0%,2.57
webcam sukarrieta,0,7,0%,8.43
cam serf,0,7,0%,34.29
como arreglar una tabla de surf,0,7,0%,37.43
clases surf san sebastian,0,7,0%,40
clases de surf donostia,0,7,0%,42.29
jovenes webcam,0,7,0%,43.71
levanto magicseaweed,0,7,0%,44.71
partes de una tabla de surf en español,0,7,0%,51.57
web cam la perla,0,7,0%,57.14
web cam zarauz,0,7,0%,60.57
tipos de olas del mar,0,7,0%,61.71
tablas de fibra de vidrio,0,7,0%,62
alquiler tabla de surf san sebastián,0,7,0%,66
la costa de las olas 9,0,7,0%,66.29
playa de zurriola san sebastián,0,7,0%,69.57
epoxi o epoxy,0,7,0%,80.14
material tabla de surf,0,7,0%,86.14
cuanto miden las tablas de surf,0,6,0%,2
webcam playa la zurriola,0,6,0%,8
medidas tablas de surf en centímetros,0,6,0%,10.67
san sebastian webcam surf,0,6,0%,14.17
webcam en donostia,0,6,0%,20.5
olas gros,0,6,0%,33
cuales son los tipos de olas,0,6,0%,38
forecast zurriola,0,6,0%,40.33
zurriola hondartza,0,6,0%,55.5
surfforecast zurriola,0,6,0%,56
webcam.zarautz,0,6,0%,58.5
tabla resina epoxi,0,6,0%,63.33
camara zarautz,0,6,0%,64.33
como se miden las olas,0,6,0%,64.5
fibra de vidrio epoxi,0,6,0%,76.33
olas de fondo,0,6,0%,88.83
alma tabla de surf,0,6,0%,90.5
donde va la ola,0,5,0%,3
webcam zurriola surf,0,5,0%,5.6
zurriola surfline,0,5,0%,10
remada alta no cabo,0,5,0%,10.8
playa corrientes,0,5,0%,15.4
webcam sansebastian,0,5,0%,26.8
webcam playa san sebastian,0,5,0%,28.6
diferencia entre olas y oleaje windy,0,5,0%,29.2
titulo monitor de surf,0,5,0%,34.4
curso de monitor de surf,0,5,0%,38
surf en vivo,0,5,0%,38.8
webcam zarautz playa,0,5,0%,43
webcams zarautz,0,5,0%,45.4
playa de zarautz webcam,0,5,0%,46.2
partes de la tabla,0,5,0%,46.4
interpretar flechas dirección viento,0,5,0%,49
surf webcam,0,5,0%,49.4
que tabla de surf necesito,0,5,0%,50.4
tablones de surf,0,5,0%,53
webcam zarautz directo,0,5,0%,54.2
zarautz surf webcam,0,5,0%,54.8
surf en directo,0,5,0%,57.8
free surf eskola donosti,0,5,0%,58.8
tabla surf epoxi,0,5,0%,59.6
surfcam,0,5,0%,72.2
playa rompe culo,0,5,0%,73.8
zurriola bikes,0,5,0%,74.4
san sebastian surf camp,0,5,0%,82.2
reglas del surfing,0,5,0%,83.6
vidriola,0,5,0%,84.2
surf camera,0,5,0%,87.4
webcam line,0,5,0%,91
playa de gros san sebastián,0,5,0%,92.8
tablas de corcho surf,0,5,0%,94.6
cómo hace el pato,0,4,0%,1
la zurriola en directo,0,4,0%,5.5
que es una ola rompiente,0,4,0%,8.75
groseko indarra,0,4,0%,9
rompientes significado,0,4,0%,9.5
rompiente mar,0,4,0%,11.5
webcam bunker,0,4,0%,17
medidas de tablas de surf segun peso y estatura,0,4,0%,22.5
tipos de olas en el mar,0,4,0%,27.75
webcam ingurumena,0,4,0%,30.25
webcams donosti,0,4,0%,32.25
webcam hondarribia,0,4,0%,33.25
hondarribia webcam,0,4,0%,33.5
la costa de las olas 3 capitulo,0,4,0%,35
camara donosti,0,4,0%,35.75
webcam paseo nuevo donostia,0,4,0%,36.75
la zurri,0,4,0%,37
webcam solsona,0,4,0%,37
puesta en pie surf,0,4,0%,39.25
free surf eskola,0,4,0%,44.25
las olas webcam,0,4,0%,44.75
diferencia entre olas y oleaje,0,4,0%,46
donde se rompen las olas,0,4,0%,47.25
windguru progreso con olas,0,4,0%,49.25
zurriola surf school,0,4,0%,50
playa zurriola donosti,0,4,0%,51.25
webcam playa ondarreta,0,4,0%,52
microbalon,0,4,0%,53
zurriola beach surf forecast,0,4,0%,53.5
cam zarautz,0,4,0%,53.75
tabla de surf epoxy,0,4,0%,54
cam directo internet,0,4,0%,54.75
san sebastian surf lessons,0,4,0%,56.5
surf webcam zarautz,0,4,0%,60.5
surf cam zarautz,0,4,0%,61
zurriola surfing,0,4,0%,61.75
sucesion de olas,0,4,0%,64.25
como interpretar las flechas del viento,0,4,0%,64.75
partes de la corriente de retorno,0,4,0%,64.75
que son las olas,0,4,0%,69.5
equipo para surfear,0,4,0%,71.25
forma de ola,0,4,0%,71.75
zurriola maritimo,0,4,0%,72.25
reparacion de tablas de surf,0,4,0%,76
como hacer una ola,0,4,0%,81.5
tablas de surf corcho,0,4,0%,81.5
cuáles son los dos tipos de oleaje,0,4,0%,81.75
tablas litros,0,4,0%,85.75
tabla de surf de fibra,0,4,0%,86.75
material tabla surf,0,4,0%,87.5
surf camp san sebastian,0,4,0%,92.25
musculos surf,0,4,0%,94.75
direccion flechas viento,0,4,0%,96.5
como se mide una tabla de surf,0,3,0%,1
cam.surriola,0,3,0%,3
webcam gros donosti,0,3,0%,5
webcam playa de zurriola,0,3,0%,5.33
webcam zu,0,3,0%,7
zurriola ingurumea,0,3,0%,8
webcam urkiola,0,3,0%,8.33
surforecast,0,3,0%,8.67
webcam pico del loro,0,3,0%,9.33
series de olas,0,3,0%,15
como surf,0,3,0%,17.67
webcam san sebastian playa,0,3,0%,18.33
tipos de olas de playa,0,3,0%,22.33
periodo de una ola,0,3,0%,22.67
zurriola surforecast,0,3,0%,25.67
diferentes tipos de olas,0,3,0%,30.67
romper olas,0,3,0%,32.33
tipos de olas de mar,0,3,0%,33.33
ola te,0,3,0%,33.67
cuanto mide una tabla,0,3,0%,35
windguru virginia beach,0,3,0%,37.33
como saber si hace viento en la playa,0,3,0%,40
web cam tablas,0,3,0%,40.67
tabla de fibra de vidrio,0,3,0%,41.67
camaramar getaria,0,3,0%,43
olas plentzia webcam,0,3,0%,44
zurriola beach surf,0,3,0%,44.67
camaras en vivo san sebastian,0,3,0%,45
¿cuáles son los 3 tipos de olas,0,3,0%,45.33
medidas de una,0,3,0%,46.33
webcam surf zarautz,0,3,0%,46.33
cuáles son los tipos de olas,0,3,0%,47
lecciones surf,0,3,0%,47
plage de zurriola,0,3,0%,47
reservar clases surf,0,3,0%,49.33
c-a-m.com,0,3,0%,50.67
reparacion tablas de surf,0,3,0%,51.67
tabla de surf a medida,0,3,0%,51.67
donde rompen las olas,0,3,0%,53
tienda de surf san sebastián,0,3,0%,54.33
interpretar flechas viento,0,3,0%,55
playa zarautz webcam,0,3,0%,55
cam la perla,0,3,0%,58.33
webcam orzola,0,3,0%,58.67
camara playa zarautz,0,3,0%,59.67
las corrientes,0,3,0%,60
webcam zaraut,0,3,0%,61
playa de la zurriola san sebastian,0,3,0%,62
tabla surf ancha,0,3,0%,64.67
surf reglas,0,3,0%,65
web cam concha,0,3,0%,65
cuántos tipos de olas hay,0,3,0%,66.67
litros tabla surf,0,3,0%,66.67
tipos de oleaje del mar,0,3,0%,68
como interpretar el viento en el tiempo,0,3,0%,68.33
partes de una tabla de windsurf,0,3,0%,69.33
tablas de surf fibra de vidrio,0,3,0%,70
cam surfing,0,3,0%,70.33
elpato,0,3,0%,71.67
tabla cam,0,3,0%,73.33
surf camps san sebastian,0,3,0%,74.33
olas de fondo rocoso,0,3,0%,80.33
webcam concha donostia,0,3,0%,80.33
dónde coger,0,3,0%,80.67
serie de olas,0,3,0%,81
surf gros,0,3,0%,81.67
swell olas,0,3,0%,84.33
personas haciendo surf,0,3,0%,85.33
tipos de rompeolas,0,3,0%,85.33
surfing cam,0,3,0%,88
tablas de surf de corcho,0,3,0%,89.67
inventos bodyboard,0,3,0%,90.67
tabla de surf de corcho,0,3,0%,95.33
dimensiones tabla de surf,0,2,0%,1
porque rompen las olas,0,2,0%,1
tabla de medidas de tablas de surf,0,2,0%,1
materiales tablas de surf,0,2,0%,2
medidas de las tablas,0,2,0%,2
tamaño de tabla,0,2,0%,2
tamaños tablas surf,0,2,0%,2
como funcionan las corrientes marinas,0,2,0%,3
corrientes playas,0,2,0%,4
tabla medida,0,2,0%,4.5
que significa olas rompientes,0,2,0%,5.5
webcam,0,2,0%,6
que son olas rompientes,0,2,0%,6.5
tabla de surf,0,2,0%,6.5
borja agote,0,2,0%,7.5
web cam zurriola webcam,0,2,0%,7.5
olas.zurriola,0,2,0%,8
surforecast patos,0,2,0%,9
webcam san sebastián surf,0,2,0%,9
zriola,0,2,0%,12
corrientes en las playas,0,2,0%,13
webcam las canteras cícer,0,2,0%,13
webcam playa donostia,0,2,0%,14.5
webcam vera playa,0,2,0%,15
webcam donostia playa,0,2,0%,16
como saber que tabla de surf necesito,0,2,0%,16.5
web cam patos,0,2,0%,17.5
corrientes de oleaje,0,2,0%,25
playa zuriola,0,2,0%,26
kit de surf,0,2,0%,26.5
surf webcam san sebastian,0,2,0%,27
ola zurriola,0,2,0%,27.5
playa zurriola olas,0,2,0%,30
la costa de las olas 8 capitulo,0,2,0%,34
rompimiento de olas,0,2,0%,34.5
reparar tabla surf corchopan,0,2,0%,35.5
borrasca surf shop,0,2,0%,37.5
surf forecast zurriola 7 dias,0,2,0%,39.5
embate de una ola,0,2,0%,42.5
zurriola hoy,0,2,0%,43.5
webcam la aldea de san nicolas,0,2,0%,44
webcan donosti,0,2,0%,44.5
donostipar cam,0,2,0%,45
san sebastian webcam beach,0,2,0%,46
webcam getaria surf,0,2,0%,47.5
reparar tabla surf epoxy,0,2,0%,48
webcam torrijas,0,2,0%,48
saber sarf,0,2,0%,49
san sebastian web cam,0,2,0%,51.5
zarautz olas directo,0,2,0%,51.5
olas de punto de quiebre,0,2,0%,52
zurriola ikastola,0,2,0%,54
arreglar tablas de surf,0,2,0%,54.5
surf educa webcam,0,2,0%,54.5
webcam zarautz surf,0,2,0%,55
curso instructor de surf,0,2,0%,56.5
surf rental san sebastian,0,2,0%,58.5
surf zurriola san sebastian,0,2,0%,58.5
bandera playa zurriola hoy,0,2,0%,59
equipamiento del surf,0,2,0%,60.5
escuela de surf donostia,0,2,0%,61
escuelas de surf donostia,0,2,0%,61.5
fibra epoxica,0,2,0%,62
webcam playa de zarautz,0,2,0%,62.5
zarautz surf cam,0,2,0%,63
fibra de vidrio surf,0,2,0%,63.5
surf de orilla,0,2,0%,64
webcam zarautz en directo,0,2,0%,64
tabla surf poliester,0,2,0%,65
medidas de la tabla,0,2,0%,67
tablas con resina epoxi,0,2,0%,67
surf en donosti,0,2,0%,69
zurriola forecast,0,2,0%,69
tablas de surf tipos,0,2,0%,70
donosti directo,0,2,0%,71.5
surf orilla,0,2,0%,71.5
partes de una ola surf,0,2,0%,72.5
playas de gipuzkoa en directo,0,2,0%,73
tabla corcho surf,0,2,0%,73
reparacion tabla de surf,0,2,0%,74
marca de olas,0,2,0%,75
surf principiante,0,2,0%,76
san sebastian surfing lessons,0,2,0%,77
rompe olas,0,2,0%,77.5
san sebastian surfing,0,2,0%,77.5
4'11 altura,0,2,0%,80
surfschool san sebastian,0,2,0%,80
table de medidas,0,2,0%,80
camera surf,0,2,0%,80.5
san sebastian surfen,0,2,0%,82
medidas de litros tabla,0,2,0%,83.5
perla webcam,0,2,0%,83.5
surf iniciacion,0,2,0%,84.5
tabla de surf material,0,2,0%,86.5
webcam zurigo,0,2,0%,87
litros tabla,0,2,0%,87.5
marca olas,0,2,0%,89
surf aprender,0,2,0%,89
kit reparacion tabla surf,0,2,0%,89.5
la rompiente mareas,0,2,0%,91.5
escuelas de surf euskadi,0,2,0%,99.5
escuelas surf,0,2,0%,100
clase de surf,0,1,0%,1
como hace el pato,0,1,0%,1
como hacen los patos,0,1,0%,1
como le hace el pato,0,1,0%,1
como se escribe viento,0,1,0%,1
cómo le hace el pato,0,1,0%,1
cómo se escribe viento,0,1,0%,1
fofa,0,1,0%,1
niño haciendo surf,0,1,0%,1
pato con tabla de surf,0,1,0%,1
tabla de centimetros,0,1,0%,1
tabla de medidas de pulgadas,0,1,0%,1
tabla de medidas en pulgadas,0,1,0%,1
tabla donde,0,1,0%,1
tablas de metros,0,1,0%,1
tablas de volumen,0,1,0%,1
tamaño tablas de surf,0,1,0%,1
como medir una tabla,0,1,0%,2
en cm,0,1,0%,2
epoxy surf,0,1,0%,2
fibra de vidrio para tablas de surf,0,1,0%,2
levanto surforecast,0,1,0%,2
tabla de fibra surf,0,1,0%,2
tabla de playa,0,1,0%,2
tabla de surf fibra de vidrio,0,1,0%,2
tablas pu,0,1,0%,2
camaramar patos,0,1,0%,3
corrientes,0,1,0%,3
que es rompientes,0,1,0%,3
7 puntas de corrientes,0,1,0%,4
que es olas rompientes,0,1,0%,4
qué son las olas rompientes,0,1,0%,4
4'11 pies a metros,0,1,0%,5
camara playa donosti,0,1,0%,5
playas habilitadas en corrientes,0,1,0%,5
remada sentado no cabo,0,1,0%,5
tablas de surf,0,1,0%,6
dirección,0,1,0%,7
playa de la zurriola webcam,0,1,0%,7
undertow,0,1,0%,7
4'11 pies a cm,0,1,0%,8
parte de olas zurriola,0,1,0%,8
surf mi,0,1,0%,8
tabal de surf,0,1,0%,8
webcam.donosti,0,1,0%,8
cam donosti,0,1,0%,9
huelas o olas,0,1,0%,9
ok,0,1,0%,9
la ola cam,0,1,0%,10
ola fofa,0,1,0%,10
rompientes de olas,0,1,0%,10
ronpe olas,0,1,0%,10
surfline san sebastian,0,1,0%,10
webcam perla,0,1,0%,10
zurriola jangela,0,1,0%,10
žurkovo webcam,0,1,0%,10
el poliestireno,0,1,0%,11
webcam la kontxa,0,1,0%,11
webcam san sebastián centro,0,1,0%,11
como leer windguru,0,1,0%,12
la.zurriola,0,1,0%,12
san sebastian surf school,0,1,0%,13
webcam la manga,0,1,0%,13
webcam de la manga,0,1,0%,14
windguru uluwatu,0,1,0%,14
curso surf san sebastian,0,1,0%,15
surf tutorial,0,1,0%,15
embate y golpe de la ola,0,1,0%,16
tabla de surf mid length,0,1,0%,16
playa de los patos webcam,0,1,0%,18
cámara web patos,0,1,0%,21
como elegir una tabla de surf,0,1,0%,22
webcam tablas surf shop,0,1,0%,22
webcamdonostia,0,1,0%,22
ola cam,0,1,0%,23
surf kit,0,1,0%,23
patos web cam,0,1,0%,24
rompiente surf,0,1,0%,25
conjunto de olas,0,1,0%,26
la costa de las olas 9 capitulo,0,1,0%,26
surf norma,0,1,0%,26
forma de olas,0,1,0%,27
webcam playa vera,0,1,0%,27
periodo olas segundos,0,1,0%,28
zarautz playa webcam,0,1,0%,28
tablas de surf para principiantes,0,1,0%,29
camaras donosti,0,1,0%,30
cursos de surf donostia,0,1,0%,30
kresala surf,0,1,0%,30
oleaje tipo swell,0,1,0%,30
vera playa webcam beach,0,1,0%,31
la costa de las olas 5 capitulo,0,1,0%,32
playa desde arriba,0,1,0%,32
remar en tabla de surf,0,1,0%,33
windguru donostia,0,1,0%,34
la costa de las olas 20,0,1,0%,35
la costa de las olas 4 capitulo,0,1,0%,35
tabla de poliuretano,0,1,0%,35
bera bera surf eskola,0,1,0%,36
patos windguru,0,1,0%,36
tablas resina epoxi,0,1,0%,36
como levantarse en la tabla de surf,0,1,0%,37
labio de la ola,0,1,0%,37
webcam zuoz,0,1,0%,37
la parte superior de una ola,0,1,0%,38
olas san sebastian hoy,0,1,0%,38
camaramar webcam,0,1,0%,39
como elegir tabla de surf,0,1,0%,39
como saber el oleaje de las playas,0,1,0%,39
tabla poliester,0,1,0%,39
camara web hondarribia,0,1,0%,40
desplazarse por las olas con una tabla,0,1,0%,40
labio de una ola,0,1,0%,41
niños surf,0,1,0%,41
primera tabla de surf,0,1,0%,41
windguru esquina corrientes,0,1,0%,41
el medio webcam,0,1,0%,42
vera playa webcam,0,1,0%,42
pleamar zurriola,0,1,0%,43
donostia zurriola,0,1,0%,44
surf eskola san sebastian,0,1,0%,44
playas de corrientes,0,1,0%,45
que se necesita para practicar surf,0,1,0%,45
windguru lastres,0,1,0%,45
camara web getaria,0,1,0%,46
mareas en la zurriola,0,1,0%,47
windguru patos,0,1,0%,47
clasificación de las olas,0,1,0%,48
web cam hondarribia,0,1,0%,48
webcam san sebastián la concha,0,1,0%,48
pelicula webcam,0,1,0%,49
playa de plentzia webcam,0,1,0%,49
webcam la playa surf house,0,1,0%,49
4'11 en altura,0,1,0%,50
getaria webcam,0,1,0%,50
playa de zurriola san sebastian,0,1,0%,50
tipos de oleajes,0,1,0%,50
webcam getaria,0,1,0%,50
windguru spain zurriola,0,1,0%,50
webcam guipuzcoa,0,1,0%,51
webcam hd zarautz,0,1,0%,52
las tres marias olas,0,1,0%,53
surf eskola donostia,0,1,0%,53
zarautz webcam playa,0,1,0%,53
playas cerca de san sebastián,0,1,0%,54
zurri,0,1,0%,54
patris surf,0,1,0%,55
tablas de epoxy,0,1,0%,55
live cam san sebastian,0,1,0%,56
epoxi surf,0,1,0%,57
epoxi con fibra de vidrio,0,1,0%,58
surf epoxy,0,1,0%,58
webcam surf gran canaria,0,1,0%,58
cuanto mide la ola mas grande del mundo,0,1,0%,59
tres olas,0,1,0%,59
webcam playas pais vasco,0,1,0%,59
corrientes marinas playa,0,1,0%,60
webcam surf,0,1,0%,60
ola que haces,0,1,0%,61
webcam orzola lanzarote,0,1,0%,61
tabla para coger olas en la orilla,0,1,0%,62
urriola,0,1,0%,62
webcam spot surf,0,1,0%,62
cursos surf donostia,0,1,0%,63
wecamp donosti,0,1,0%,63
como se forma la playa,0,1,0%,64
tiempo en san sebastián playa,0,1,0%,64
webcams surf,0,1,0%,64
tablas surf epoxy,0,1,0%,65
curso surf donosti,0,1,0%,66
tablas oleaje,0,1,0%,66
zarautz cam,0,1,0%,66
pies webcam,0,1,0%,67
web cam getaria,0,1,0%,67
fibra de vidrio espuma,0,1,0%,68
la concha web cam,0,1,0%,68
surf lesson san sebastian,0,1,0%,68
webcam playa zarautz,0,1,0%,68
medidas longboard surf,0,1,0%,69
tipos de olas en el surf,0,1,0%,69
camara en vivo punta del este,0,1,0%,70
cosas buenas de la playa,0,1,0%,70
calcular litros tabla surf,0,1,0%,71
como hacer un pato paso a paso,0,1,0%,71
monitor de surf titulo,0,1,0%,71
primer o primera clase,0,1,0%,71
surf live cam,0,1,0%,71
cómo hacer el pato,0,1,0%,72
olas en donosti hoy,0,1,0%,72
cual es la mejor webcam,0,1,0%,73
olas playa españa,0,1,0%,74
primera classe,0,1,0%,74
tabla de surf que se eleva,0,1,0%,74
medidas litros tabla,0,1,0%,76
que son las olas?,0,1,0%,76
surf lessons in san sebastian,0,1,0%,76
mejores playas de surf,0,1,0%,77
san sebastian live cam,0,1,0%,77
tabla corcho playa,0,1,0%,77
tabla de surf corcho,0,1,0%,77
tecnicas del surf,0,1,0%,77
cámaras online vera,0,1,0%,78
olas en la orilla,0,1,0%,78
playa surf san sebastian,0,1,0%,78
que se necesita para surfear,0,1,0%,78
clasificacion de las olas,0,1,0%,80
webcam portugal surf,0,1,0%,81
cómo se clasifican las olas,0,1,0%,82
laplaya webcam,0,1,0%,82
tablas de surf de corchopan,0,1,0%,82
windguru donosti,0,1,0%,82
elementos de una ola,0,1,0%,83
mi primera clase,0,1,0%,83
volumen tabla surf,0,1,0%,83
diferencia entre poliester y fibra de vidrio,0,1,0%,84
playa zurriola como llegar,0,1,0%,84
playas peligrosas del mundo,0,1,0%,84
puente la zurriola,0,1,0%,84
ola como,0,1,0%,85
olas pequeñas,0,1,0%,85
playa de gros san sebastian,0,1,0%,85
volumen tabla,0,1,0%,85
partes tabla windsurf,0,1,0%,86
corriente litoral,0,1,0%,87
tipos de olas peligrosas,0,1,0%,87
periodo de olas pesca,0,1,0%,88
san sebastian olas,0,1,0%,88
web cam la concha,0,1,0%,89
webcam el ferial,0,1,0%,89
windguru webcam,0,1,0%,89
cuales son los dos tipos de oleaje,0,1,0%,90
golpe de la ola,0,1,0%,90
san sebastian surf spots,0,1,0%,90
tabla de surf corchopan,0,1,0%,90
windguru san sebastian,0,1,0%,90
fibra de vidrio epoxi multicapa,0,1,0%,91
live camera san sebastian,0,1,0%,91
3 olas,0,1,0%,92
partes del cuerpo de un pato,0,1,0%,92
borja agote surf,0,1,0%,93
epoxy o epoxi,0,1,0%,94
olas punto de quiebre,0,1,0%,94
tabla fibra surf,0,1,0%,94
cuales son las partes de una tabla,0,1,0%,95
la costa de las olas 8,0,1,0%,95
olas olas,0,1,0%,95
tipos de tablas de surf para principiantes,0,1,0%,95
kit reparacion tablas de surf,0,1,0%,96