Páginas principales,Clics,Impresiones,CTR,Posición
https://zurriolacam.com.es/,7295,385031,1.89%,5.96
https://zurriolacam.com.es/medidas-de-una-tabla-de-surf/,115,20188,0.57%,8
https://zurriolacam.com.es/que-titulacion-necesito-para-impartir-clases-de-surf/,64,2091,3.06%,21.49
https://zurriolacam.com.es/las-corrientes-de-la-playa/,19,1511,1.26%,9.66
https://zurriolacam.com.es/epoxi-o-fibra-como-saber-de-que-material-es-mi-tabla/,17,2503,0.68%,32.76
https://zurriolacam.com.es/que-aprendere-en-mi-primera-clase-de-surf/,14,1706,0.82%,27.53
https://zurriolacam.com.es/tipo-de-olas-y-rompientes/,13,3103,0.42%,25.08
https://zurriolacam.com.es/medidas-tablas-de-surf/,10,2211,0.45%,15.97
https://zurriolacam.com.es/escuelas-de-surf-en-san-sebastian/,6,1245,0.48%,51.1
https://zurriolacam.com.es/como-interpretar-el-parte-de-olas/,5,2985,0.17%,29.25
https://zurriolacam.com.es/como-reparar-una-tabla-de-surf-que-material-usar/,5,1731,0.29%,63.16
https://zurriolacam.com.es/como-hacer-el-pato/,4,1250,0.32%,9.52
https://zurriolacam.com.es/en-que-direccion-rompe-la-ola/,4,1135,0.35%,11.26
https://zurriolacam.com.es/normas-del-surf-y-seguridad/,4,491,0.81%,25.49
https://zurriolacam.com.es/acerca-de/,3,2392,0.13%,19.57
https://zurriolacam.com.es/el-kit-del-surfista/,2,307,0.65%,24.44
https://zurriolacam.com.es/sitemap/,1,2423,0.04%,24.99
https://zurriolacam.com.es/partes-de-una-tabla-de-surf/,1,1601,0.06%,48.43
https://zurriolacam.com.es/category/uncategorized/,1,1082,0.09%,10.58
https://zurriolacam.com.es/donde-ponerse-para-coger-mas-olas/,1,541,0.18%,33.21
https://zurriolacam.com.es/a-que-edad-puede-un-nino-surfear/,1,255,0.39%,12.09
https://zurriolacam.com.es/tutoriales-de-surf-zurriolacam-seleccion-de-los-mejores-videos/,0,3724,0%,25.81
https://zurriolacam.com.es/contacto/,0,1904,0%,24.67
https://zurriolacam.com.es/tipos-de-tablas-de-surf/,0,842,0%,27.35
https://zurriolacam.com.es/uncategorized/,0,186,0%,48.07
https://zurriolacam.com.es/tabal-de-surf-ideal-para-aprender/,0,155,0%,58.14
https://zurriolacam.com.es/category/uncategorized/page/3/,0,90,0%,13.58
https://zurriolacam.com.es/que-tener-en-cuenta-al-reservar-una-clase-de-surf/,0,41,0%,25.12
https://zurriolacam.com.es/uncategorized/page/4/,0,14,0%,6.71
https://zurriolacam.com.es/uncategorized/page/2/,0,14,0%,7.43
https://zurriolacam.com.es/uncategorized/page/3/,0,12,0%,8.75
https://zurriolacam.com.es/wp-content/uploads/2021/05/tabla.jpg,0,3,0%,19
https://zurriolacam.com.es/category/uncategorized/page/4/,0,1,0%,6
https://zurriolacam.com.es/como-hacer-el-pato/?et_blog,0,1,0%,11
https://zurriolacam.com.es/wp-content/uploads/2021/03/t109929-0.gif,0,1,0%,16
https://zurriolacam.com.es/en/como-hacer-el-pato/?et_blog,0,1,0%,18
https://zurriolacam.com.es/como-interpretar-el-parte-de-olas/page/2/?et_blog,0,1,0%,25